[].num,[].aaa,[].bbb,[].ccc,[].dddddddddddddddd
1,kjsahd,kjsahdjk,slfjkasjfk,djshjfdhdsuduioau
2,kjsahd,kjsahdjk,slfjkasjfk,djshjfdhdsuduioau
3,kjsahd,kjsahdjk,slfjkasjfk,djshjfdhdsuduioau
4,kjsahd,kjsahdjk,slfjkasjfk,djshjfdhdsuduioau
5,kjsahd,kjsahdjk,slfjkasjfk,djshjfdhdsuduioau
6,kjsahd,kjsahdjk,slfjkasjfk,djshjfdhdsuduioau
7,kjsahd,kjsahdjk,slfjkasjfk,djshjfdhdsuduioau
8,kjsahd,kjsahdjk,slfjkasjfk,djshjfdhdsuduioau
9,kjsahd,kjsahdjk,slfjkasjfk,djshjfdhdsuduioau
10,kjsahd,kjsahdjk,slfjkasjfk,djshjfdhdsuduioau
11,kjsahd,kjsahdjk,slfjkasjfk,djshjfdhdsuduioau
12,kjsahd,kjsahdjk,slfjkasjfk,djshjfdhdsuduioau
13,kjsahd,kjsahdjk,slfjkasjfk,djshjfdhdsuduioau
14,kjsahd,kjsahdjk,slfjkasjfk,djshjfdhdsuduioau
15,kjsahd,kjsahdjk,slfjkasjfk,djshjfdhdsuduioau
16,kjsahd,kjsahdjk,slfjkasjfk,djshjfdhdsuduioau
17,kjsahd,kjsahdjk,slfjkasjfk,djshjfdhdsuduioau
18,kjsahd,kjsahdjk,slfjkasjfk,djshjfdhdsuduioau
19,kjsahd,kjsahdjk,slfjkasjfk,djshjfdhdsuduioau
20,kjsahd,kjsahdjk,slfjkasjfk,djshjfdhdsuduioau
21,kjsahd,kjsahdjk,slfjkasjfk,djshjfdhdsuduioau
22,kjsahd,kjsahdjk,slfjkasjfk,djshjfdhdsuduioau
23,kjsahd,kjsahdjk,slfjkasjfk,djshjfdhdsuduioau
24,kjsahd,kjsahdjk,slfjkasjfk,djshjfdhdsuduioau
25,kjsahd,kjsahdjk,slfjkasjfk,djshjfdhdsuduioau
26,kjsahd,kjsahdjk,slfjkasjfk,djshjfdhdsuduioau
27,kjsahd,kjsahdjk,slfjkasjfk,djshjfdhdsuduioau
28,kjsahd,kjsahdjk,slfjkasjfk,djshjfdhdsuduioau
29,kjsahd,kjsahdjk,slfjkasjfk,djshjfdhdsuduioau
30,kjsahd,kjsahdjk,slfjkasjfk,djshjfdhdsuduioau
31,kjsahd,kjsahdjk,slfjkasjfk,djshjfdhdsuduioau
32,kjsahd,kjsahdjk,slfjkasjfk,djshjfdhdsuduioau
33,kjsahd,kjsahdjk,slfjkasjfk,djshjfdhdsuduioau
34,kjsahd,kjsahdjk,slfjkasjfk,djshjfdhdsuduioau
35,kjsahd,kjsahdjk,slfjkasjfk,djshjfdhdsuduioau
36,kjsahd,kjsahdjk,slfjkasjfk,djshjfdhdsuduioau
37,kjsahd,kjsahdjk,slfjkasjfk,djshjfdhdsuduioau
38,kjsahd,kjsahdjk,slfjkasjfk,djshjfdhdsuduioau
39,kjsahd,kjsahdjk,slfjkasjfk,djshjfdhdsuduioau
40,kjsahd,kjsahdjk,slfjkasjfk,djshjfdhdsuduioau
41,kjsahd,kjsahdjk,slfjkasjfk,djshjfdhdsuduioau
42,kjsahd,kjsahdjk,slfjkasjfk,djshjfdhdsuduioau
43,kjsahd,kjsahdjk,slfjkasjfk,djshjfdhdsuduioau
44,kjsahd,kjsahdjk,slfjkasjfk,djshjfdhdsuduioau
45,kjsahd,kjsahdjk,slfjkasjfk,djshjfdhdsuduioau
46,kjsahd,kjsahdjk,slfjkasjfk,djshjfdhdsuduioau
47,kjsahd,kjsahdjk,slfjkasjfk,djshjfdhdsuduioau
48,kjsahd,kjsahdjk,slfjkasjfk,djshjfdhdsuduioau
49,kjsahd,kjsahdjk,slfjkasjfk,djshjfdhdsuduioau
50,kjsahd,kjsahdjk,slfjkasjfk,djshjfdhdsuduioau
51,kjsahd,kjsahdjk,slfjkasjfk,djshjfdhdsuduioau
52,kjsahd,kjsahdjk,slfjkasjfk,djshjfdhdsuduioau
53,kjsahd,kjsahdjk,slfjkasjfk,djshjfdhdsuduioau
54,kjsahd,kjsahdjk,slfjkasjfk,djshjfdhdsuduioau
55,kjsahd,kjsahdjk,slfjkasjfk,djshjfdhdsuduioau
56,kjsahd,kjsahdjk,slfjkasjfk,djshjfdhdsuduioau
57,kjsahd,kjsahdjk,slfjkasjfk,djshjfdhdsuduioau
58,kjsahd,kjsahdjk,slfjkasjfk,djshjfdhdsuduioau
59,kjsahd,kjsahdjk,slfjkasjfk,djshjfdhdsuduioau
60,kjsahd,kjsahdjk,slfjkasjfk,djshjfdhdsuduioau
61,kjsahd,kjsahdjk,slfjkasjfk,djshjfdhdsuduioau
62,kjsahd,kjsahdjk,slfjkasjfk,djshjfdhdsuduioau
63,kjsahd,kjsahdjk,slfjkasjfk,djshjfdhdsuduioau
64,kjsahd,kjsahdjk,slfjkasjfk,djshjfdhdsuduioau
65,kjsahd,kjsahdjk,slfjkasjfk,djshjfdhdsuduioau
66,kjsahd,kjsahdjk,slfjkasjfk,djshjfdhdsuduioau
67,kjsahd,kjsahdjk,slfjkasjfk,djshjfdhdsuduioau
68,kjsahd,kjsahdjk,slfjkasjfk,djshjfdhdsuduioau
69,kjsahd,kjsahdjk,slfjkasjfk,djshjfdhdsuduioau
70,kjsahd,kjsahdjk,slfjkasjfk,djshjfdhdsuduioau
71,kjsahd,kjsahdjk,slfjkasjfk,djshjfdhdsuduioau
72,kjsahd,kjsahdjk,slfjkasjfk,djshjfdhdsuduioau
73,kjsahd,kjsahdjk,slfjkasjfk,djshjfdhdsuduioau
74,kjsahd,kjsahdjk,slfjkasjfk,djshjfdhdsuduioau
75,kjsahd,kjsahdjk,slfjkasjfk,djshjfdhdsuduioau
76,kjsahd,kjsahdjk,slfjkasjfk,djshjfdhdsuduioau
77,kjsahd,kjsahdjk,slfjkasjfk,djshjfdhdsuduioau
78,kjsahd,kjsahdjk,slfjkasjfk,djshjfdhdsuduioau
79,kjsahd,kjsahdjk,slfjkasjfk,djshjfdhdsuduioau
80,kjsahd,kjsahdjk,slfjkasjfk,djshjfdhdsuduioau
81,kjsahd,kjsahdjk,slfjkasjfk,djshjfdhdsuduioau
82,kjsahd,kjsahdjk,slfjkasjfk,djshjfdhdsuduioau
83,kjsahd,kjsahdjk,slfjkasjfk,djshjfdhdsuduioau
84,kjsahd,kjsahdjk,slfjkasjfk,djshjfdhdsuduioau
85,kjsahd,kjsahdjk,slfjkasjfk,djshjfdhdsuduioau
86,kjsahd,kjsahdjk,slfjkasjfk,djshjfdhdsuduioau
87,kjsahd,kjsahdjk,slfjkasjfk,djshjfdhdsuduioau
88,kjsahd,kjsahdjk,slfjkasjfk,djshjfdhdsuduioau
89,kjsahd,kjsahdjk,slfjkasjfk,djshjfdhdsuduioau
90,kjsahd,kjsahdjk,slfjkasjfk,djshjfdhdsuduioau
91,kjsahd,kjsahdjk,slfjkasjfk,djshjfdhdsuduioau
92,kjsahd,kjsahdjk,slfjkasjfk,djshjfdhdsuduioau
93,kjsahd,kjsahdjk,slfjkasjfk,djshjfdhdsuduioau
94,kjsahd,kjsahdjk,slfjkasjfk,djshjfdhdsuduioau
95,kjsahd,kjsahdjk,slfjkasjfk,djshjfdhdsuduioau
96,kjsahd,kjsahdjk,slfjkasjfk,djshjfdhdsuduioau
97,kjsahd,kjsahdjk,slfjkasjfk,djshjfdhdsuduioau
98,kjsahd,kjsahdjk,slfjkasjfk,djshjfdhdsuduioau
99,kjsahd,kjsahdjk,slfjkasjfk,djshjfdhdsuduioau